Unnamed: 0,Symbol,Name,Sector,Industry
0,MMM,3M,Industrials,Conglomerates
1,AOS,A. O. Smith,Industrials,Specialty Industrial Machinery
2,ABT,Abbott Laboratories,Healthcare,Medical Devices
3,ABBV,AbbVie,Healthcare,Drug Manufacturers - General
4,ACN,Accenture,Technology,Information Technology Services
5,ADBE,Adobe Inc.,Technology,Software - Infrastructure
6,AMD,Advanced Micro Devices,Technology,Semiconductors
7,AES,AES Corporation,Utilities,Utilities - Diversified
8,AFL,Aflac,Financial Services,Insurance - Life
9,A,Agilent Technologies,Healthcare,Diagnostics & Research
10,APD,Air Products,Basic Materials,Specialty Chemicals
11,ABNB,Airbnb,Consumer Cyclical,Travel Services
12,AKAM,Akamai Technologies,Technology,Software - Infrastructure
13,ALB,Albemarle Corporation,Basic Materials,Specialty Chemicals
14,ARE,Alexandria Real Estate Equities,Real Estate,REIT - Office
15,ALGN,Align Technology,Healthcare,Medical Instruments & Supplies
16,ALLE,Allegion,Industrials,Security & Protection Services
17,LNT,Alliant Energy,Utilities,Utilities - Regulated Electric
18,ALL,Allstate,Financial Services,Insurance - Property & Casualty
19,GOOGL,Alphabet Inc. (Class A),Communication Services,Internet Content & Information
20,GOOG,Alphabet Inc. (Class C),Communication Services,Internet Content & Information
21,MO,Altria,Consumer Defensive,Tobacco
22,AMZN,Amazon,Consumer Cyclical,Internet Retail
23,AMCR,Amcor,Consumer Cyclical,Packaging & Containers
24,AMTM,Amentum,Industrials,Specialty Business Services
25,AEE,Ameren,Utilities,Utilities - Regulated Electric
26,AEP,American Electric Power,Utilities,Utilities - Regulated Electric
27,AXP,American Express,Financial Services,Credit Services
28,AIG,American International Group,Financial Services,Insurance - Diversified
29,AMT,American Tower,Real Estate,REIT - Specialty
30,AWK,American Water Works,Utilities,Utilities - Regulated Water
31,AMP,Ameriprise Financial,Financial Services,Asset Management
32,AME,Ametek,Industrials,Specialty Industrial Machinery
33,AMGN,Amgen,Healthcare,Drug Manufacturers - General
34,APH,Amphenol,Technology,Electronic Components
35,ADI,Analog Devices,Technology,Semiconductors
36,ANSS,Ansys,Technology,Software - Application
37,AON,Aon,Financial Services,Insurance Brokers
38,APA,APA Corporation,Energy,Oil & Gas E&P
39,AAPL,Apple Inc.,Technology,Consumer Electronics
40,AMAT,Applied Materials,Technology,Semiconductor Equipment & Materials
41,APTV,Aptiv,Consumer Cyclical,Auto Parts
42,ACGL,Arch Capital Group,Financial Services,Insurance - Diversified
43,ADM,Archer Daniels Midland,Consumer Defensive,Farm Products
44,ANET,Arista Networks,Technology,Computer Hardware
45,AJG,Arthur J. Gallagher & Co.,Financial Services,Insurance Brokers
46,AIZ,Assurant,Financial Services,Insurance - Property & Casualty
47,T,AT&T,Communication Services,Telecom Services
48,ATO,Atmos Energy,Utilities,Utilities - Regulated Gas
49,ADSK,Autodesk,Technology,Software - Application
50,ADP,Automatic Data Processing,Technology,Software - Application
51,AZO,AutoZone,Consumer Cyclical,Specialty Retail
52,AVB,AvalonBay Communities,Real Estate,REIT - Residential
53,AVY,Avery Dennison,Consumer Cyclical,Packaging & Containers
54,AXON,Axon Enterprise,Industrials,Aerospace & Defense
55,BKR,Baker Hughes,Energy,Oil & Gas Equipment & Services
56,BALL,Ball Corporation,Consumer Cyclical,Packaging & Containers
57,BAC,Bank of America,Financial Services,Banks - Diversified
58,BAX,Baxter International,Healthcare,Medical Instruments & Supplies
59,BDX,Becton Dickinson,Healthcare,Medical Instruments & Supplies
60,BBY,Best Buy,Consumer Cyclical,Specialty Retail
61,TECH,Bio-Techne,Healthcare,Biotechnology
62,BIIB,Biogen,Healthcare,Drug Manufacturers - General
63,BLK,BlackRock,Financial Services,Asset Management
64,BX,Blackstone Inc.,Financial Services,Asset Management
65,BK,BNY Mellon,Financial Services,Banks - Diversified
66,BA,Boeing,Industrials,Aerospace & Defense
67,BKNG,Booking Holdings,Consumer Cyclical,Travel Services
68,BWA,BorgWarner,Consumer Cyclical,Auto Parts
69,BSX,Boston Scientific,Healthcare,Medical Devices
70,BMY,Bristol Myers Squibb,Healthcare,Drug Manufacturers - General
71,AVGO,Broadcom,Technology,Semiconductors
72,BR,Broadridge Financial Solutions,Technology,Information Technology Services
73,BRO,Brown & Brown,Financial Services,Insurance Brokers
74,BLDR,Builders FirstSource,Industrials,Building Products & Equipment
75,BG,Bunge Global,Consumer Defensive,Farm Products
76,BXP,"BXP, Inc.",Real Estate,REIT - Office
77,CHRW,C.H. Robinson,Industrials,Integrated Freight & Logistics
78,CDNS,Cadence Design Systems,Technology,Software - Application
79,CZR,Caesars Entertainment,Consumer Cyclical,Resorts & Casinos
80,CPT,Camden Property Trust,Real Estate,REIT - Residential
81,CPB,Campbell Soup Company,Consumer Defensive,Packaged Foods
82,COF,Capital One,Financial Services,Credit Services
83,CAH,Cardinal Health,Healthcare,Medical Distribution
84,KMX,CarMax,Consumer Cyclical,Auto & Truck Dealerships
85,CCL,Carnival,Consumer Cyclical,Travel Services
86,CARR,Carrier Global,Industrials,Building Products & Equipment
87,CTLT,Catalent,Healthcare,Drug Manufacturers - Specialty & Generic
88,CAT,Caterpillar Inc.,Industrials,Farm & Heavy Construction Machinery
89,CBOE,Cboe Global Markets,Financial Services,Financial Data & Stock Exchanges
90,CBRE,CBRE Group,Real Estate,Real Estate Services
91,CDW,CDW,Technology,Information Technology Services
92,CE,Celanese,Basic Materials,Chemicals
93,COR,Cencora,Healthcare,Medical Distribution
94,CNC,Centene Corporation,Healthcare,Healthcare Plans
95,CNP,CenterPoint Energy,Utilities,Utilities - Regulated Electric
96,CF,CF Industries,Basic Materials,Agricultural Inputs
97,CRL,Charles River Laboratories,Healthcare,Diagnostics & Research
98,SCHW,Charles Schwab Corporation,Financial Services,Capital Markets
99,CHTR,Charter Communications,Communication Services,Telecom Services
100,CVX,Chevron Corporation,Energy,Oil & Gas Integrated
101,CMG,Chipotle Mexican Grill,Consumer Cyclical,Restaurants
102,CB,Chubb Limited,Financial Services,Insurance - Property & Casualty
103,CHD,Church & Dwight,Consumer Defensive,Household & Personal Products
104,CI,Cigna,Healthcare,Healthcare Plans
105,CINF,Cincinnati Financial,Financial Services,Insurance - Property & Casualty
106,CTAS,Cintas,Industrials,Specialty Business Services
107,CSCO,Cisco,Technology,Communication Equipment
108,C,Citigroup,Financial Services,Banks - Diversified
109,CFG,Citizens Financial Group,Financial Services,Banks - Regional
110,CLX,Clorox,Consumer Defensive,Household & Personal Products
111,CME,CME Group,Financial Services,Financial Data & Stock Exchanges
112,CMS,CMS Energy,Utilities,Utilities - Regulated Electric
113,KO,Coca-Cola Company (The),Consumer Defensive,Beverages - Non-Alcoholic
114,CTSH,Cognizant,Technology,Information Technology Services
115,CL,Colgate-Palmolive,Consumer Defensive,Household & Personal Products
116,CMCSA,Comcast,Communication Services,Telecom Services
117,CAG,Conagra Brands,Consumer Defensive,Packaged Foods
118,COP,ConocoPhillips,Energy,Oil & Gas E&P
119,ED,Consolidated Edison,Utilities,Utilities - Regulated Electric
120,STZ,Constellation Brands,Consumer Defensive,Beverages - Brewers
121,CEG,Constellation Energy,Utilities,Utilities - Renewable
122,COO,Cooper Companies (The),Healthcare,Medical Instruments & Supplies
123,CPRT,Copart,Industrials,Specialty Business Services
124,GLW,Corning Inc.,Technology,Electronic Components
125,CPAY,Corpay,Technology,Software - Infrastructure
126,CTVA,Corteva,Basic Materials,Agricultural Inputs
127,CSGP,CoStar Group,Real Estate,Real Estate Services
128,COST,Costco,Consumer Defensive,Discount Stores
129,CTRA,Coterra,Energy,Oil & Gas E&P
130,CRWD,CrowdStrike,Technology,Software - Infrastructure
131,CCI,Crown Castle,Real Estate,REIT - Specialty
132,CSX,CSX Corporation,Industrials,Railroads
133,CMI,Cummins,Industrials,Specialty Industrial Machinery
134,CVS,CVS Health,Healthcare,Healthcare Plans
135,DHR,Danaher Corporation,Healthcare,Diagnostics & Research
136,DRI,Darden Restaurants,Consumer Cyclical,Restaurants
137,DVA,DaVita,Healthcare,Medical Care Facilities
138,DAY,Dayforce,Technology,Software - Application
139,DECK,Deckers Brands,Consumer Cyclical,Footwear & Accessories
140,DE,Deere & Company,Industrials,Farm & Heavy Construction Machinery
141,DELL,Dell Technologies,Technology,Computer Hardware
142,DAL,Delta Air Lines,Industrials,Airlines
143,DVN,Devon Energy,Energy,Oil & Gas E&P
144,DXCM,Dexcom,Healthcare,Medical Devices
145,FANG,Diamondback Energy,Energy,Oil & Gas E&P
146,DLR,Digital Realty,Real Estate,REIT - Specialty
147,DFS,Discover Financial,Financial Services,Credit Services
148,DG,Dollar General,Consumer Defensive,Discount Stores
149,DLTR,Dollar Tree,Consumer Defensive,Discount Stores
150,D,Dominion Energy,Utilities,Utilities - Regulated Electric
151,DPZ,Domino's,Consumer Cyclical,Restaurants
152,DOV,Dover Corporation,Industrials,Specialty Industrial Machinery
153,DOW,Dow Inc.,Basic Materials,Chemicals
154,DHI,D. R. Horton,Consumer Cyclical,Residential Construction
155,DTE,DTE Energy,Utilities,Utilities - Regulated Electric
156,DUK,Duke Energy,Utilities,Utilities - Regulated Electric
157,DD,DuPont,Basic Materials,Specialty Chemicals
158,EMN,Eastman Chemical Company,Basic Materials,Specialty Chemicals
159,ETN,Eaton Corporation,Industrials,Specialty Industrial Machinery
160,EBAY,eBay,Consumer Cyclical,Internet Retail
161,ECL,Ecolab,Basic Materials,Specialty Chemicals
162,EIX,Edison International,Utilities,Utilities - Regulated Electric
163,EW,Edwards Lifesciences,Healthcare,Medical Devices
164,EA,Electronic Arts,Communication Services,Electronic Gaming & Multimedia
165,ELV,Elevance Health,Healthcare,Healthcare Plans
166,EMR,Emerson Electric,Industrials,Specialty Industrial Machinery
167,ENPH,Enphase Energy,Technology,Solar
168,ETR,Entergy,Utilities,Utilities - Regulated Electric
169,EOG,EOG Resources,Energy,Oil & Gas E&P
170,EPAM,EPAM Systems,Technology,Information Technology Services
171,EQT,EQT Corporation,Energy,Oil & Gas E&P
172,EFX,Equifax,Industrials,Consulting Services
173,EQIX,Equinix,Real Estate,REIT - Specialty
174,EQR,Equity Residential,Real Estate,REIT - Residential
175,ERIE,Erie Indemnity,Financial Services,Insurance Brokers
176,ESS,Essex Property Trust,Real Estate,REIT - Residential
177,EL,Est√©e Lauder Companies (The),Consumer Defensive,Household & Personal Products
178,EG,Everest Group,Financial Services,Insurance - Reinsurance
179,EVRG,Evergy,Utilities,Utilities - Regulated Electric
180,ES,Eversource Energy,Utilities,Utilities - Regulated Electric
181,EXC,Exelon,Utilities,Utilities - Regulated Electric
182,EXPE,Expedia Group,Consumer Cyclical,Travel Services
183,EXPD,Expeditors International,Industrials,Integrated Freight & Logistics
184,EXR,Extra Space Storage,Real Estate,REIT - Industrial
185,XOM,ExxonMobil,Energy,Oil & Gas Integrated
186,FFIV,"F5, Inc.",Technology,Software - Infrastructure
187,FDS,FactSet,Financial Services,Financial Data & Stock Exchanges
188,FICO,Fair Isaac,Technology,Software - Application
189,FAST,Fastenal,Industrials,Industrial Distribution
190,FRT,Federal Realty Investment Trust,Real Estate,REIT - Retail
191,FDX,FedEx,Industrials,Integrated Freight & Logistics
192,FIS,Fidelity National Information Services,Technology,Information Technology Services
193,FITB,Fifth Third Bancorp,Financial Services,Banks - Regional
194,FSLR,First Solar,Technology,Solar
195,FE,FirstEnergy,Utilities,Utilities - Regulated Electric
196,FI,Fiserv,Technology,Information Technology Services
197,FMC,FMC Corporation,Basic Materials,Agricultural Inputs
198,F,Ford Motor Company,Consumer Cyclical,Auto Manufacturers
199,FTNT,Fortinet,Technology,Software - Infrastructure
200,FTV,Fortive,Technology,Scientific & Technical Instruments
201,FOXA,Fox Corporation (Class A),Communication Services,Entertainment
202,FOX,Fox Corporation (Class B),Communication Services,Entertainment
203,BEN,Franklin Resources,Financial Services,Asset Management
204,FCX,Freeport-McMoRan,Basic Materials,Copper
205,GRMN,Garmin,Technology,Scientific & Technical Instruments
206,IT,Gartner,Technology,Information Technology Services
207,GE,GE Aerospace,Industrials,Aerospace & Defense
208,GEHC,GE HealthCare,Healthcare,Health Information Services
209,GEV,GE Vernova,Utilities,Utilities - Renewable
210,GEN,Gen Digital,Technology,Software - Infrastructure
211,GNRC,Generac,Industrials,Specialty Industrial Machinery
212,GD,General Dynamics,Industrials,Aerospace & Defense
213,GIS,General Mills,Consumer Defensive,Packaged Foods
214,GM,General Motors,Consumer Cyclical,Auto Manufacturers
215,GPC,Genuine Parts Company,Consumer Cyclical,Auto Parts
216,GILD,Gilead Sciences,Healthcare,Drug Manufacturers - General
217,GPN,Global Payments,Industrials,Specialty Business Services
218,GL,Globe Life,Financial Services,Insurance - Life
219,GDDY,GoDaddy,Technology,Software - Infrastructure
220,GS,Goldman Sachs,Financial Services,Capital Markets
221,HAL,Halliburton,Energy,Oil & Gas Equipment & Services
222,HIG,Hartford (The),Financial Services,Insurance - Property & Casualty
223,HAS,Hasbro,Consumer Cyclical,Leisure
224,HCA,HCA Healthcare,Healthcare,Medical Care Facilities
225,DOC,Healthpeak Properties,Real Estate,REIT - Healthcare Facilities
226,HSIC,Henry Schein,Healthcare,Medical Distribution
227,HSY,Hershey Company (The),Consumer Defensive,Confectioners
228,HES,Hess Corporation,Energy,Oil & Gas E&P
229,HPE,Hewlett Packard Enterprise,Technology,Communication Equipment
230,HLT,Hilton Worldwide,Consumer Cyclical,Lodging
231,HOLX,Hologic,Healthcare,Medical Instruments & Supplies
232,HD,Home Depot (The),Consumer Cyclical,Home Improvement Retail
233,HON,Honeywell,Industrials,Conglomerates
234,HRL,Hormel Foods,Consumer Defensive,Packaged Foods
235,HST,Host Hotels & Resorts,Real Estate,REIT - Hotel & Motel
236,HWM,Howmet Aerospace,Industrials,Aerospace & Defense
237,HPQ,HP Inc.,Technology,Computer Hardware
238,HUBB,Hubbell Incorporated,Industrials,Electrical Equipment & Parts
239,HUM,Humana,Healthcare,Healthcare Plans
240,HBAN,Huntington Bancshares,Financial Services,Banks - Regional
241,HII,Huntington Ingalls Industries,Industrials,Aerospace & Defense
242,IBM,IBM,Technology,Information Technology Services
243,IEX,IDEX Corporation,Industrials,Specialty Industrial Machinery
244,IDXX,Idexx Laboratories,Healthcare,Diagnostics & Research
245,ITW,Illinois Tool Works,Industrials,Specialty Industrial Machinery
246,INCY,Incyte,Healthcare,Biotechnology
247,IR,Ingersoll Rand,Industrials,Specialty Industrial Machinery
248,PODD,Insulet Corporation,Healthcare,Medical Devices
249,INTC,Intel,Technology,Semiconductors
250,ICE,Intercontinental Exchange,Financial Services,Financial Data & Stock Exchanges
251,IFF,International Flavors & Fragrances,Basic Materials,Specialty Chemicals
252,IP,International Paper,Consumer Cyclical,Packaging & Containers
253,IPG,Interpublic Group of Companies (The),Communication Services,Advertising Agencies
254,INTU,Intuit,Technology,Software - Application
255,ISRG,Intuitive Surgical,Healthcare,Medical Instruments & Supplies
256,IVZ,Invesco,Financial Services,Asset Management
257,INVH,Invitation Homes,Real Estate,REIT - Residential
258,IQV,IQVIA,Healthcare,Diagnostics & Research
259,IRM,Iron Mountain,Real Estate,REIT - Specialty
260,JBHT,J.B. Hunt,Industrials,Integrated Freight & Logistics
261,JBL,Jabil,Technology,Electronic Components
262,JKHY,Jack Henry & Associates,Technology,Information Technology Services
263,J,Jacobs Solutions,Industrials,Engineering & Construction
264,JNJ,Johnson & Johnson,Healthcare,Drug Manufacturers - General
265,JCI,Johnson Controls,Industrials,Building Products & Equipment
266,JPM,JPMorgan Chase,Financial Services,Banks - Diversified
267,JNPR,Juniper Networks,Technology,Communication Equipment
268,K,Kellanova,Consumer Defensive,Packaged Foods
269,KVUE,Kenvue,Consumer Defensive,Household & Personal Products
270,KDP,Keurig Dr Pepper,Consumer Defensive,Beverages - Non-Alcoholic
271,KEY,KeyCorp,Financial Services,Banks - Regional
272,KEYS,Keysight Technologies,Technology,Scientific & Technical Instruments
273,KMB,Kimberly-Clark,Consumer Defensive,Household & Personal Products
274,KIM,Kimco Realty,Real Estate,REIT - Retail
275,KMI,Kinder Morgan,Energy,Oil & Gas Midstream
276,KKR,KKR,Financial Services,Asset Management
277,KLAC,KLA Corporation,Technology,Semiconductor Equipment & Materials
278,KHC,Kraft Heinz,Consumer Defensive,Packaged Foods
279,KR,Kroger,Consumer Defensive,Grocery Stores
280,LHX,L3Harris,Industrials,Aerospace & Defense
281,LH,LabCorp,Healthcare,Diagnostics & Research
282,LRCX,Lam Research,Technology,Semiconductor Equipment & Materials
283,LW,Lamb Weston,Consumer Defensive,Packaged Foods
284,LVS,Las Vegas Sands,Consumer Cyclical,Resorts & Casinos
285,LDOS,Leidos,Technology,Information Technology Services
286,LEN,Lennar,Consumer Cyclical,Residential Construction
287,LLY,Lilly (Eli),Healthcare,Drug Manufacturers - General
288,LIN,Linde plc,Basic Materials,Specialty Chemicals
289,LYV,Live Nation Entertainment,Communication Services,Entertainment
290,LKQ,LKQ Corporation,Consumer Cyclical,Auto Parts
291,LMT,Lockheed Martin,Industrials,Aerospace & Defense
292,L,Loews Corporation,Financial Services,Insurance - Property & Casualty
293,LOW,Lowe's,Consumer Cyclical,Home Improvement Retail
294,LULU,Lululemon Athletica,Consumer Cyclical,Apparel Retail
295,LYB,LyondellBasell,Basic Materials,Specialty Chemicals
296,MTB,M&T Bank,Financial Services,Banks - Regional
297,MRO,Marathon Oil,Energy,Oil & Gas E&P
298,MPC,Marathon Petroleum,Energy,Oil & Gas Refining & Marketing
299,MKTX,MarketAxess,Financial Services,Capital Markets
300,MAR,Marriott International,Consumer Cyclical,Lodging
301,MMC,Marsh McLennan,Financial Services,Insurance Brokers
302,MLM,Martin Marietta Materials,Basic Materials,Building Materials
303,MAS,Masco,Industrials,Building Products & Equipment
304,MA,Mastercard,Financial Services,Credit Services
305,MTCH,Match Group,Communication Services,Internet Content & Information
306,MKC,McCormick & Company,Consumer Defensive,Packaged Foods
307,MCD,McDonald's,Consumer Cyclical,Restaurants
308,MCK,McKesson Corporation,Healthcare,Medical Distribution
309,MDT,Medtronic,Healthcare,Medical Devices
310,MRK,Merck & Co.,Healthcare,Drug Manufacturers - General
311,META,Meta Platforms,Communication Services,Internet Content & Information
312,MET,MetLife,Financial Services,Insurance - Life
313,MTD,Mettler Toledo,Healthcare,Diagnostics & Research
314,MGM,MGM Resorts,Consumer Cyclical,Resorts & Casinos
315,MCHP,Microchip Technology,Technology,Semiconductors
316,MU,Micron Technology,Technology,Semiconductors
317,MSFT,Microsoft,Technology,Software - Infrastructure
318,MAA,Mid-America Apartment Communities,Real Estate,REIT - Residential
319,MRNA,Moderna,Healthcare,Biotechnology
320,MHK,Mohawk Industries,Consumer Cyclical,"Furnishings, Fixtures & Appliances"
321,MOH,Molina Healthcare,Healthcare,Healthcare Plans
322,TAP,Molson Coors Beverage Company,Consumer Defensive,Beverages - Brewers
323,MDLZ,Mondelez International,Consumer Defensive,Confectioners
324,MPWR,Monolithic Power Systems,Technology,Semiconductors
325,MNST,Monster Beverage,Consumer Defensive,Beverages - Non-Alcoholic
326,MCO,Moody's Corporation,Financial Services,Financial Data & Stock Exchanges
327,MS,Morgan Stanley,Financial Services,Capital Markets
328,MOS,Mosaic Company (The),Basic Materials,Agricultural Inputs
329,MSI,Motorola Solutions,Technology,Communication Equipment
330,MSCI,MSCI,Financial Services,Financial Data & Stock Exchanges
331,NDAQ,"Nasdaq, Inc.",Financial Services,Financial Data & Stock Exchanges
332,NTAP,NetApp,Technology,Computer Hardware
333,NFLX,Netflix,Communication Services,Entertainment
334,NEM,Newmont,Basic Materials,Gold
335,NWSA,News Corp (Class A),Communication Services,Entertainment
336,NWS,News Corp (Class B),Communication Services,Entertainment
337,NEE,NextEra Energy,Utilities,Utilities - Regulated Electric
338,NKE,"Nike, Inc.",Consumer Cyclical,Footwear & Accessories
339,NI,NiSource,Utilities,Utilities - Regulated Gas
340,NDSN,Nordson Corporation,Industrials,Specialty Industrial Machinery
341,NSC,Norfolk Southern Railway,Industrials,Railroads
342,NTRS,Northern Trust,Financial Services,Asset Management
343,NOC,Northrop Grumman,Industrials,Aerospace & Defense
344,NCLH,Norwegian Cruise Line Holdings,Consumer Cyclical,Travel Services
345,NRG,NRG Energy,Utilities,Utilities - Independent Power Producers
346,NUE,Nucor,Basic Materials,Steel
347,NVDA,Nvidia,Technology,Semiconductors
348,NVR,"NVR, Inc.",Consumer Cyclical,Residential Construction
349,NXPI,NXP Semiconductors,Technology,Semiconductors
350,ORLY,O'Reilly Auto Parts,Consumer Cyclical,Specialty Retail
351,OXY,Occidental Petroleum,Energy,Oil & Gas E&P
352,ODFL,Old Dominion,Industrials,Trucking
353,OMC,Omnicom Group,Communication Services,Advertising Agencies
354,ON,ON Semiconductor,Technology,Semiconductors
355,OKE,ONEOK,Energy,Oil & Gas Midstream
356,ORCL,Oracle Corporation,Technology,Software - Infrastructure
357,OTIS,Otis Worldwide,Industrials,Specialty Industrial Machinery
358,PCAR,Paccar,Industrials,Farm & Heavy Construction Machinery
359,PKG,Packaging Corporation of America,Consumer Cyclical,Packaging & Containers
360,PLTR,Palantir Technologies,Technology,Software - Infrastructure
361,PANW,Palo Alto Networks,Technology,Software - Infrastructure
362,PARA,Paramount Global,Communication Services,Entertainment
363,PH,Parker Hannifin,Industrials,Specialty Industrial Machinery
364,PAYX,Paychex,Technology,Software - Application
365,PAYC,Paycom,Technology,Software - Application
366,PYPL,PayPal,Financial Services,Credit Services
367,PNR,Pentair,Industrials,Specialty Industrial Machinery
368,PEP,PepsiCo,Consumer Defensive,Beverages - Non-Alcoholic
369,PFE,Pfizer,Healthcare,Drug Manufacturers - General
370,PCG,PG&E Corporation,Utilities,Utilities - Regulated Electric
371,PM,Philip Morris International,Consumer Defensive,Tobacco
372,PSX,Phillips 66,Energy,Oil & Gas Refining & Marketing
373,PNW,Pinnacle West,Utilities,Utilities - Regulated Electric
374,PNC,PNC Financial Services,Financial Services,Banks - Regional
375,POOL,Pool Corporation,Industrials,Industrial Distribution
376,PPG,PPG Industries,Basic Materials,Specialty Chemicals
377,PPL,PPL Corporation,Utilities,Utilities - Regulated Electric
378,PFG,Principal Financial Group,Financial Services,Asset Management
379,PG,Procter & Gamble,Consumer Defensive,Household & Personal Products
380,PGR,Progressive Corporation,Financial Services,Insurance - Property & Casualty
381,PLD,Prologis,Real Estate,REIT - Industrial
382,PRU,Prudential Financial,Financial Services,Insurance - Life
383,PEG,Public Service Enterprise Group,Utilities,Utilities - Regulated Electric
384,PTC,PTC Inc.,Technology,Software - Application
385,PSA,Public Storage,Real Estate,REIT - Industrial
386,PHM,PulteGroup,Consumer Cyclical,Residential Construction
387,QRVO,Qorvo,Technology,Semiconductors
388,PWR,Quanta Services,Industrials,Engineering & Construction
389,QCOM,Qualcomm,Technology,Semiconductors
390,DGX,Quest Diagnostics,Healthcare,Diagnostics & Research
391,RL,Ralph Lauren Corporation,Consumer Cyclical,Apparel Manufacturing
392,RJF,Raymond James Financial,Financial Services,Asset Management
393,RTX,RTX Corporation,Industrials,Aerospace & Defense
394,O,Realty Income,Real Estate,REIT - Retail
395,REG,Regency Centers,Real Estate,REIT - Retail
396,REGN,Regeneron Pharmaceuticals,Healthcare,Biotechnology
397,RF,Regions Financial Corporation,Financial Services,Banks - Regional
398,RSG,Republic Services,Industrials,Waste Management
399,RMD,ResMed,Healthcare,Medical Instruments & Supplies
400,RVTY,Revvity,Healthcare,Diagnostics & Research
401,ROK,Rockwell Automation,Industrials,Specialty Industrial Machinery
402,ROL,"Rollins, Inc.",Consumer Cyclical,Personal Services
403,ROP,Roper Technologies,Technology,Software - Application
404,ROST,Ross Stores,Consumer Cyclical,Apparel Retail
405,RCL,Royal Caribbean Group,Consumer Cyclical,Travel Services
406,SPGI,S&P Global,Financial Services,Financial Data & Stock Exchanges
407,CRM,Salesforce,Technology,Software - Application
408,SBAC,SBA Communications,Real Estate,REIT - Specialty
409,SLB,Schlumberger,Energy,Oil & Gas Equipment & Services
410,STX,Seagate Technology,Technology,Computer Hardware
411,SRE,Sempra,Utilities,Utilities - Diversified
412,NOW,ServiceNow,Technology,Software - Application
413,SHW,Sherwin-Williams,Basic Materials,Specialty Chemicals
414,SPG,Simon Property Group,Real Estate,REIT - Retail
415,SWKS,Skyworks Solutions,Technology,Semiconductors
416,SJM,J.M. Smucker Company (The),Consumer Defensive,Packaged Foods
417,SW,Smurfit WestRock,Consumer Cyclical,Packaging & Containers
418,SNA,Snap-on,Industrials,Tools & Accessories
419,SOLV,Solventum,Healthcare,Health Information Services
420,SO,Southern Company,Utilities,Utilities - Regulated Electric
421,LUV,Southwest Airlines,Industrials,Airlines
422,SWK,Stanley Black & Decker,Industrials,Tools & Accessories
423,SBUX,Starbucks,Consumer Cyclical,Restaurants
424,STT,State Street Corporation,Financial Services,Asset Management
425,STLD,Steel Dynamics,Basic Materials,Steel
426,STE,Steris,Healthcare,Medical Devices
427,SYK,Stryker Corporation,Healthcare,Medical Devices
428,SMCI,Supermicro,Technology,Computer Hardware
429,SYF,Synchrony Financial,Financial Services,Credit Services
430,SNPS,Synopsys,Technology,Software - Infrastructure
431,SYY,Sysco,Consumer Defensive,Food Distribution
432,TMUS,T-Mobile US,Communication Services,Telecom Services
433,TROW,T. Rowe Price,Financial Services,Asset Management
434,TTWO,Take-Two Interactive,Communication Services,Electronic Gaming & Multimedia
435,TPR,"Tapestry, Inc.",Consumer Cyclical,Luxury Goods
436,TRGP,Targa Resources,Energy,Oil & Gas Midstream
437,TGT,Target Corporation,Consumer Defensive,Discount Stores
438,TEL,TE Connectivity,Technology,Electronic Components
439,TDY,Teledyne Technologies,Technology,Scientific & Technical Instruments
440,TFX,Teleflex,Healthcare,Medical Instruments & Supplies
441,TER,Teradyne,Technology,Semiconductor Equipment & Materials
442,TSLA,"Tesla, Inc.",Consumer Cyclical,Auto Manufacturers
443,TXN,Texas Instruments,Technology,Semiconductors
444,TXT,Textron,Industrials,Aerospace & Defense
445,TMO,Thermo Fisher Scientific,Healthcare,Diagnostics & Research
446,TJX,TJX Companies,Consumer Cyclical,Apparel Retail
447,TSCO,Tractor Supply,Consumer Cyclical,Specialty Retail
448,TT,Trane Technologies,Industrials,Building Products & Equipment
449,TDG,TransDigm Group,Industrials,Aerospace & Defense
450,TRV,Travelers Companies (The),Financial Services,Insurance - Property & Casualty
451,TRMB,Trimble Inc.,Technology,Scientific & Technical Instruments
452,TFC,Truist Financial,Financial Services,Banks - Regional
453,TYL,Tyler Technologies,Technology,Software - Application
454,TSN,Tyson Foods,Consumer Defensive,Farm Products
455,USB,U.S. Bancorp,Financial Services,Banks - Regional
456,UBER,Uber,Technology,Software - Application
457,UDR,"UDR, Inc.",Real Estate,REIT - Residential
458,ULTA,Ulta Beauty,Consumer Cyclical,Specialty Retail
459,UNP,Union Pacific Corporation,Industrials,Railroads
460,UAL,United Airlines Holdings,Industrials,Airlines
461,UPS,United Parcel Service,Industrials,Integrated Freight & Logistics
462,URI,United Rentals,Industrials,Rental & Leasing Services
463,UNH,UnitedHealth Group,Healthcare,Healthcare Plans
464,UHS,Universal Health Services,Healthcare,Medical Care Facilities
465,VLO,Valero Energy,Energy,Oil & Gas Refining & Marketing
466,VTR,Ventas,Real Estate,REIT - Healthcare Facilities
467,VLTO,Veralto,Industrials,Pollution & Treatment Controls
468,VRSN,Verisign,Technology,Software - Infrastructure
469,VRSK,Verisk Analytics,Industrials,Consulting Services
470,VZ,Verizon,Communication Services,Telecom Services
471,VRTX,Vertex Pharmaceuticals,Healthcare,Biotechnology
472,VTRS,Viatris,Healthcare,Drug Manufacturers - Specialty & Generic
473,VICI,Vici Properties,Real Estate,REIT - Diversified
474,V,Visa Inc.,Financial Services,Credit Services
475,VST,Vistra Corp.,Utilities,Utilities - Independent Power Producers
476,VMC,Vulcan Materials Company,Basic Materials,Building Materials
477,WRB,W. R. Berkley Corporation,Financial Services,Insurance - Property & Casualty
478,GWW,W. W. Grainger,Industrials,Industrial Distribution
479,WAB,Wabtec,Industrials,Railroads
480,WBA,Walgreens Boots Alliance,Healthcare,Pharmaceutical Retailers
481,WMT,Walmart,Consumer Defensive,Discount Stores
482,DIS,Walt Disney Company (The),Communication Services,Entertainment
483,WBD,Warner Bros. Discovery,Communication Services,Entertainment
484,WM,Waste Management,Industrials,Waste Management
485,WAT,Waters Corporation,Healthcare,Diagnostics & Research
486,WEC,WEC Energy Group,Utilities,Utilities - Regulated Electric
487,WFC,Wells Fargo,Financial Services,Banks - Diversified
488,WELL,Welltower,Real Estate,REIT - Healthcare Facilities
489,WST,West Pharmaceutical Services,Healthcare,Medical Instruments & Supplies
490,WDC,Western Digital,Technology,Computer Hardware
491,WY,Weyerhaeuser,Real Estate,REIT - Specialty
492,WMB,Williams Companies,Energy,Oil & Gas Midstream
493,WTW,Willis Towers Watson,Financial Services,Insurance Brokers
494,WYNN,Wynn Resorts,Consumer Cyclical,Resorts & Casinos
495,XEL,Xcel Energy,Utilities,Utilities - Regulated Electric
496,XYL,Xylem Inc.,Industrials,Specialty Industrial Machinery
497,YUM,Yum! Brands,Consumer Cyclical,Restaurants
498,ZBRA,Zebra Technologies,Technology,Communication Equipment
499,ZBH,Zimmer Biomet,Healthcare,Medical Devices
500,ZTS,Zoetis,Healthcare,Drug Manufacturers - Specialty & Generic
